,Sailboat,Price,Location,Broker,length,year,url,created_date
0,Catalina 545,CallforPrice,"Vancouver, British Columbia, Canada",Specialty Yachts,54 ft,2022,https://www.yachtworld.com/yacht/2022-catalina-545-7818876/,2021-03-11
1,Catalina 545,CallforPrice,"Riverside, New Jersey, United States",G. Winter's Sailing Center,52 ft,2023,https://www.yachtworld.com/yacht/2023-catalina-545-7042129/,2019-04-08
2,Catalina 470,"US$298,250","Fort Myers, Florida, United States",PIER ONE YACHT SALES,47 ft,2008,https://www.yachtworld.com/yacht/2008-catalina-470-7383501/,2020-03-02
3,Catalina 470,"US$299,900","Alameda, California, United States",Farallone Yacht Sales Inc.,47 ft,2009,https://www.yachtworld.com/yacht/2009-catalina-470-8004037/,2021-08-26
4,Catalina 470,"US$184,900","Deltaville, Virginia, United States",YaZu Yachting,47 ft,2000,https://www.yachtworld.com/yacht/2000-catalina-470-8243937/,2022-03-10
5,Catalina 470,"US$175,500","Mobile, Alabama, United States","Turner Marine Yacht Sales, Inc.",47 ft,2002,https://www.yachtworld.com/yacht/2002-catalina-470-8363373/,2022-06-20
6,Catalina Morgan 440,"US$140,000","Petit Calivigny, Grenada",Essex - Clarke & Carter,46 ft,2005,https://www.yachtworld.com/yacht/2005-catalina-morgan-440-8109885/,2021-11-16
7,Catalina 445,"US$279,950","Seattle, Washington, United States",Windworks Yacht Sales,44 ft,2010,https://www.yachtworld.com/yacht/2010-catalina-445-8480074/,2022-09-05
8,Catalina Morgan 440,"US$219,500","Oxnard, California, United States",Seacoast Yachts of Channel Islands,44 ft,2006,https://www.yachtworld.com/yacht/2006-catalina-morgan-440-8504360/,2022-09-20
9,Catalina 445,CallforPrice,"Deltaville, Virginia, United States",Chesapeake Yacht Sales,44 ft,2023,https://www.yachtworld.com/yacht/2023-catalina-445-6847211/,2018-03-07
10,Catalina 445,CallforPrice,"Huntington, New York, United States",Coneys Marine,44 ft,2023,https://www.yachtworld.com/yacht/2023-catalina-445-955890/,2009-09-06
11,Catalina 445,CallforPrice,"Annapolis, Maryland, United States","Sail Annapolis, Inc.",44 ft,2023,https://www.yachtworld.com/yacht/2023-catalina-445-5046888/,2015-04-03
12,Catalina 445,CallforPrice,"Kemah, Texas, United States",Little Yacht Sales,44 ft,2023,https://www.yachtworld.com/yacht/2023-catalina-445-5961342/,2016-10-04
13,Catalina 445 Factory Base,"US$416,757","Palmetto, Florida, United States",Massey Yacht Sales & Service,44 ft,2023,https://www.yachtworld.com/yacht/2023-catalina-445-factory-base-7015853/,2019-03-13
14,Catalina Morgan 440,"US$220,000","Washington, North Carolina, United States",Park Boat Companies Brokerage Division,44 ft,2006,https://www.yachtworld.com/yacht/2006-catalina-morgan-440-8026153/,2021-09-09
15,Catalina Morgan 440,"US$214,000","San Diego, California, United States",Western Yacht Sales,44 ft,2007,https://www.yachtworld.com/yacht/2007-catalina-morgan-440-8436528/,2022-08-08
16,Catalina 320,"US$49,900","Huntington, New York, United States",Coneys Marine,32 ft,1996,https://www.yachtworld.com/yacht/1996-catalina-320-8512979/,2022-09-24
17,Catalina 30,"US$30,000","San Diego, California, United States",Yachtfinders Windseakers,30 ft,1979,https://www.yachtworld.com/yacht/1979-catalina-30-8468469/,2022-08-29
18,Catalina Morgan 440,"US$219,500","Oxnard, California, United States",Seacoast Yachts of Channel Islands,44 ft,2006,https://www.yachtworld.com/yacht/2006-catalina-morgan-440-8504360/,2022-09-20
19,Catalina 28 MkII,"US$36,500","Muskegon, Michigan, United States",Sail Place Inc,28 ft,1996,https://www.yachtworld.com/yacht/1996-catalina-28-mkii-8468257/,2022-08-29
20,Catalina 30,"US$23,900","Rochester, New York, United States",RCR Rochester,30 ft,1984,https://www.yachtworld.com/yacht/1984-catalina-30-8406136/,2022-07-20
21,Catalina 350,"US$89,900","Huntington, New York, United States",Coneys Marine,35 ft,2002,https://www.yachtworld.com/yacht/2002-catalina-350-7563122/,2020-08-21
22,Catalina 14.2 Expo,CallforPrice,"Vancouver, British Columbia, Canada",Specialty Yachts,14 ft,2022,https://www.yachtworld.com/yacht/2022-catalina-14.2-expo-7820025/,2021-03-12
23,Catalina 385,CallforPrice,"Vancouver, British Columbia, Canada",Specialty Yachts,38 ft,2022,https://www.yachtworld.com/yacht/2022-catalina-385-7816464/,2021-03-10
24,Catalina 12.5 Expo,CallforPrice,"Vancouver, British Columbia, Canada",Specialty Yachts,12 ft,2022,https://www.yachtworld.com/yacht/2022-catalina-12.5-expo-7819984/,2021-03-12
25,Catalina 545,CallforPrice,"Vancouver, British Columbia, Canada",Specialty Yachts,54 ft,2022,https://www.yachtworld.com/yacht/2022-catalina-545-7818876/,2021-03-11
26,Catalina 22 Sport,CallforPrice,"Vancouver, British Columbia, Canada",Specialty Yachts,22 ft,2022,https://www.yachtworld.com/yacht/2022-catalina-22-sport-7820096/,2021-03-12
27,Catalina 16.5 Keel,CallforPrice,"Ontario, Canada",Swans Yacht Sales - Whitby - Head Office,16 ft,2023,https://www.yachtworld.com/yacht/2023-catalina-16.5-keel-5375815/,2015-09-09
28,Catalina 36 MkII,"US$58,561","Preveza, Greece",Connect Yachtbrokers,38 ft,1999,https://www.yachtworld.com/yacht/1999-catalina-36-mkii-8398457/,2022-07-15
29,Catalina 28,"US$23,900","North Hero, Vermont, United States","Bruce Hill Yacht Sales, Inc.",28 ft,1990,https://www.yachtworld.com/yacht/1990-catalina-28-8369358/,2022-06-24
30,Catalina 12.5 Expo,CallforPrice,"Deltaville, Virginia, United States",Chesapeake Yacht Sales,12 ft,2023,https://www.yachtworld.com/yacht/2023-catalina-12.5-expo-6893520/,2018-10-29
31,Catalina 34,"US$36,000","Redwood City, California, United States",Seattle Yachts - Alameda,34 ft,1986,https://www.yachtworld.com/yacht/1986-catalina-34-8438144/,2022-08-08
32,Catalina 315,CallforPrice,"Riverside, New Jersey, United States",G. Winter's Sailing Center,31 ft,2023,https://www.yachtworld.com/yacht/2023-catalina-315-5992905/,2016-11-03
33,Catalina 445,CallforPrice,"Deltaville, Virginia, United States",Chesapeake Yacht Sales,44 ft,2023,https://www.yachtworld.com/yacht/2023-catalina-445-6847211/,2018-03-07
34,Catalina 425,CallforPrice,"Deltaville, Virginia, United States",Chesapeake Yacht Sales,42 ft,2023,https://www.yachtworld.com/yacht/2023-catalina-425-6893502/,2018-10-29
35,Catalina 320,"US$49,900","Santa Cruz, California, United States",Kensington Yacht & Ship Brokers,32 ft,1998,https://www.yachtworld.com/yacht/1998-catalina-320-8449628/,2022-08-16
36,Catalina Capri 22,"US$9,800","Superior, Wisconsin, United States",Barker's Island Marina,22 ft,1985,https://www.yachtworld.com/yacht/1985-catalina-capri-22-8493121/,2022-09-13
37,Catalina 28,"US$29,500","Seattle, Washington, United States",West Yachts,29 ft,1992,https://www.yachtworld.com/yacht/1992-catalina-28-8495421/,2022-09-14
38,Catalina 30,"US$10,500","Galesville, Maryland, United States",Hartge Yacht Sales,30 ft,1983,https://www.yachtworld.com/yacht/1983-catalina-30-8419720/,2022-07-28
39,Catalina Morgan 38 Center Cockpit,"US$59,900","Lewisville, Texas, United States",Richard Clary,38 ft,1993,https://www.yachtworld.com/yacht/1993-catalina-morgan-38-center-cockpit-7955520/,2021-07-17
40,Catalina 355,CallforPrice,"Huntington, New York, United States",Coneys Marine,35 ft,2023,https://www.yachtworld.com/yacht/2023-catalina-355-7638215/,2020-10-27
41,Catalina 275,CallforPrice,"Huntington, New York, United States",Coneys Marine,27 ft,2023,https://www.yachtworld.com/yacht/2023-catalina-275-4442194/,2013-08-21
42,Catalina 445,CallforPrice,"Huntington, New York, United States",Coneys Marine,44 ft,2023,https://www.yachtworld.com/yacht/2023-catalina-445-955890/,2009-09-06
43,Catalina 385,CallforPrice,"New York, United States",Coneys Marine,38 ft,2023,https://www.yachtworld.com/yacht/2023-catalina-385-3791430/,2011-11-09
44,Catalina 30 Tall Rig,"US$10,000","Greenport, New York, United States",Brewer Yacht Sales,30 ft,1980,https://www.yachtworld.com/yacht/1980-catalina-30-tall-rig-8375925/,2022-06-29
45,Catalina 30,"US$34,500","Port Washington, New York, United States",Brewer Yacht Sales,30 ft,1995,https://www.yachtworld.com/yacht/1995-catalina-30-8492547/,2022-09-13
46,Catalina 22,"US$4,950","Westbrook, Connecticut, United States",Brewer Yacht Sales,22 ft,1982,https://www.yachtworld.com/yacht/1982-catalina-22-8492759/,2022-09-13
47,Catalina 30 Tall Rig,"US$27,900","Westbrook, Connecticut, United States",Brewer Yacht Sales,30 ft,1986,https://www.yachtworld.com/yacht/1986-catalina-30-tall-rig-8495196/,2022-09-14
48,Catalina 30 Mark 2,"US$28,900","Westbrook, Connecticut, United States",Brewer Yacht Sales,30 ft,1987,https://www.yachtworld.com/yacht/1987-catalina-30-mark-2-8492816/,2022-09-13
49,Catalina 315 (Factory Base),"US$211,688","Palmetto, Florida, United States",Massey Yacht Sales & Service,31 ft,2023,https://www.yachtworld.com/yacht/2023-catalina-315-factory-base-4126669/,2012-10-31
50,Catalina 387,"US$149,500","Ventura, California, United States",Seacoast Yachts of Channel Islands,38 ft,2005,https://www.yachtworld.com/yacht/2005-catalina-387-8477528/,2022-09-02
51,Catalina 34,"US$34,500","Oxnard, California, United States",Peninsula Yacht Sales,34 ft,1987,https://www.yachtworld.com/yacht/1987-catalina-34-8362711/,2022-06-19
52,Catalina 30,"US$22,500","Everett, Washington, United States",Port Gardner Yacht Brokerage,30 ft,1979,https://www.yachtworld.com/yacht/1979-catalina-30-8501281/,2022-09-17
53,Catalina 40 MK II,"US$129,900","Milton, Vermont, United States","Bruce Hill Yacht Sales, Inc.",40 ft,2003,https://www.yachtworld.com/yacht/2003-catalina-40-mk-ii-7977454/,2021-08-05
54,Catalina 400,"US$157,000","Huntington, New York, United States",Coneys Marine,40 ft,2007,https://www.yachtworld.com/yacht/2007-catalina-400-8422512/,2022-07-30
55,Catalina 385,"US$214,000","Stonington, Connecticut, United States",Stonington Yacht Sales,39 ft,2014,https://www.yachtworld.com/yacht/2014-catalina-385-8399376/,2022-07-15
56,Catalina 385,"US$265,000","New Bern, North Carolina, United States","Sandy Hook Yacht Sales, Inc - Sea Bright Office",39 ft,2013,https://www.yachtworld.com/yacht/2013-catalina-385-8516022/,2022-09-27
57,Catalina 387,"US$140,000","Suttons Bay, Michigan, United States","HarborView Yacht Sales, LLC",39 ft,2003,https://www.yachtworld.com/yacht/2003-catalina-387-8506618/,2022-09-21
58,Catalina 380,"US$79,500","Marblehead, Massachusetts, United States",Bump Wilcox,38 ft,1998,https://www.yachtworld.com/yacht/1998-catalina-380-8523352/,2022-10-03
59,Catalina 380,"US$89,000","Lake City, Minnesota, United States",Apollo Yachts,38 ft,2000,https://www.yachtworld.com/yacht/2000-catalina-380-8537835/,2022-10-12
60,Catalina 380,"US$90,000","Huntington, New York, United States",Coneys Marine,38 ft,1998,https://www.yachtworld.com/yacht/1998-catalina-380-8098396/,2021-11-09
61,Catalina 38,"US$35,000","La Paz, Mexico",La Paz Cruisers Supply & Brokerage,38 ft,1987,https://www.yachtworld.com/yacht/1987-catalina-38-8520577/,2022-09-30
62,Catalina 380,"US$98,900","Annapolis, Maryland, United States",Annapolis Sailyard,38 ft,2000,https://www.yachtworld.com/yacht/2000-catalina-380-7649766/,2020-11-06
63,Catalina 380,"US$69,500","Wilmington, North Carolina, United States",Neptune Yacht Sales and Services,38 ft,1999,https://www.yachtworld.com/yacht/1999-catalina-380-8272673/,2022-04-05
64,Catalina 387,"US$139,000","Sausalito, California, United States",Oceanic Yacht Sales,38 ft,2005,https://www.yachtworld.com/yacht/2005-catalina-387-8516356/,2022-09-27
65,Catalina 380,"US$109,000","Gig Harbor, Washington, United States",NW Yachtnet,38 ft,1996,https://www.yachtworld.com/yacht/1996-catalina-380-8460680/,2022-08-23
66,Catalina 380,"US$69,500","Wilmington, North Carolina, United States",Neptune Yacht Sales and Services,38 ft,1999,https://www.yachtworld.com/yacht/1999-catalina-380-8272673/,2022-04-05
67,Catalina 385,CallforPrice,"Vancouver, British Columbia, Canada",Specialty Yachts,38 ft,2022,https://www.yachtworld.com/yacht/2022-catalina-385-7816464/,2021-03-10
68,Catalina 385,CallforPrice,"Annapolis, Maryland, United States","Sail Annapolis, Inc.",38 ft,2023,https://www.yachtworld.com/yacht/2023-catalina-385-6527442/,2017-11-10
69,Catalina 385,CallforPrice,"Kemah, Texas, United States",Little Yacht Sales,38 ft,2023,https://www.yachtworld.com/yacht/2023-catalina-385-5961671/,2016-10-04
70,Catalina Morgan 38 Center Cockpit,"US$59,900","Lewisville, Texas, United States",Richard Clary,38 ft,1993,https://www.yachtworld.com/yacht/1993-catalina-morgan-38-center-cockpit-7955520/,2021-07-17
71,Catalina 385,CallforPrice,"New York, United States",Coneys Marine,38 ft,2023,https://www.yachtworld.com/yacht/2023-catalina-385-3791430/,2011-11-09
72,Catalina 38,"US$12,500","Honolulu, Hawaii, United States",Honolulu Yacht Brokerage International LLC,38 ft,1979,https://www.yachtworld.com/yacht/1979-catalina-38-8489181/,2022-09-10
73,Catalina 387,"US$149,500","Ventura, California, United States",Seacoast Yachts of Channel Islands,38 ft,2005,https://www.yachtworld.com/yacht/2005-catalina-387-8477528/,2022-09-02
74,Catalina 380,"US$83,500","North Beach, Maryland, United States",Annapolis Yacht Sales,38 ft,1999,https://www.yachtworld.com/yacht/1999-catalina-380-8473858/,2022-08-31
75,Catalina 38,"US$28,500","Long Beach, California, United States",The Shoreline Yacht Group,38 ft,1981,https://www.yachtworld.com/yacht/1981-catalina-38-8263245/,2022-03-27
76,Catalina Sparkman and Stephens,"US$34,500","Honolulu, Hawaii, United States",Honolulu Yacht Brokerage International LLC,38 ft,1979,https://www.yachtworld.com/yacht/1979-catalina-sparkman-and-stephens-7399236/,2020-03-17
77,Catalina 380,"US$89,000","Deale, Maryland, United States",Integrity Yacht Sales,38 ft,1998,https://www.yachtworld.com/yacht/1998-catalina-380-7979507/,2021-08-07
78,Catalina 38 S&S,"US$32,000","San Diego, California, United States","California Yacht Sales, Inc.",38 ft,1985,https://www.yachtworld.com/yacht/1985-catalina-38-s$s-8419981/,2022-07-28
79,Catalina 387,"US$249,900","Kemah, Texas, United States",Little Yacht Sales,38 ft,2013,https://www.yachtworld.com/yacht/2013-catalina-387-8354801/,2022-06-13
80,Catalina 380,"US$123,000","Barrington, Rhode Island, United States","Latitude Yacht Brokerage, LLC",38 ft,2002,https://www.yachtworld.com/yacht/2002-catalina-380-8477241/,2022-09-02
81,Catalina 385,CallforPrice,"Riverside, New Jersey, United States",G. Winter's Sailing Center,38 ft,2023,https://www.yachtworld.com/yacht/2023-catalina-385-5998551/,2016-11-09
82,Catalina 380,"US$99,000","Alameda, California, United States",Marotta Yachts of Sausalito,38 ft,2000,https://www.yachtworld.com/yacht/2000-catalina-380-8443660/,2022-08-11
83,Catalina 380,"US$98,505","Thorold, Ontario, Canada",North American Yacht Sales,38 ft,2000,https://www.yachtworld.com/yacht/2000-catalina-380-8523832/,2022-10-03
84,Catalina 387,"US$129,000","Charlestown, Massachusetts, United States",Bluenose Yacht Sales & Quality Brokerage - Boston,38 ft,2007,https://www.yachtworld.com/yacht/2007-catalina-387-8480916/,2022-09-05
85,Catalina C380,"US$79,000","Daytona Beach, Florida, United States","Yacht Brokers, LLC of Daytona",38 ft,1996,https://www.yachtworld.com/yacht/1996-catalina-c380-8204971/,2022-02-03
86,Catalina 38,"US$28,500","Wilmington, California, United States",Seacoast Yachts – LA Harbor,38 ft,1979,https://www.yachtworld.com/yacht/1979-catalina-38-8461015/,2022-08-24
87,Catalina 36 MkII,"US$58,576","Preveza, Greece",Connect Yachtbrokers,38 ft,1999,https://www.yachtworld.com/yacht/1999-catalina-36-mkii-8398457/,2022-07-15
88,Catalina 22 Capri,"US$8,500","Anacortes, Washington, United States",Seattle Yachts - Anacortes,22 ft,1985,https://www.yachtworld.com/yacht/1985-catalina-22-capri-8469489/,2022-08-30
89,Catalina 275,CallforPrice,"Vancouver, British Columbia, Canada",Specialty Yachts,27 ft,2022,https://www.yachtworld.com/yacht/2022-catalina-275-7817391/,2021-03-10
90,Catalina 22 MkII,"US$21,650","Neyland, Pembrokeshire, United Kingdom",Network Yacht Brokers - Swansea,24 ft,2008,https://www.yachtworld.com/yacht/2008-catalina-22-mkii-8419278/,2022-07-28
91,Catalina 16.5,CallforPrice,"Riverside, New Jersey, United States",G. Winter's Sailing Center,16 ft,2022,https://www.yachtworld.com/yacht/2022-catalina-16.5-4746690/,2014-06-25
92,Catalina 22 Sport,CallforPrice,"Ontario, Canada",Swans Yacht Sales - Whitby - Head Office,22 ft,2023,https://www.yachtworld.com/yacht/2023-catalina-22-sport-5375847/,2015-09-09
93,Catalina 12.5 Expo,CallforPrice,"Whitby, Ontario, Canada",Swans Yacht Sales - Whitby - Head Office,12 ft,2023,https://www.yachtworld.com/yacht/2023-catalina-12.5-expo-5370762/,2015-09-02
94,Catalina 36,"US$63,900","Huntington, New York, United States",Coneys Marine,36 ft,1995,https://www.yachtworld.com/yacht/1995-catalina-36-7945427/,2021-07-08
95,Catalina 309,"US$79,900","Racine, Wisconsin, United States","Racine Riverside Marine, Inc.",31 ft,2008,https://www.yachtworld.com/yacht/2008-catalina-309-8468750/,2022-08-29
96,Catalina 315,"US$149,900","Huntington, New York, United States",Coneys Marine,32 ft,2015,https://www.yachtworld.com/yacht/2015-catalina-315-8509054/,2022-09-22
97,Catalina 36 MK11,"US$108,000","Kemah, Texas, United States",Little Yacht Sales,36 ft,2001,https://www.yachtworld.com/yacht/2001-catalina-36-mk11-8493342/,2022-09-13
98,Catalina 36 MK II Sloop,"US$79,000","Salem, Massachusetts, United States",CW Hood Yachts,36 ft,2001,https://www.yachtworld.com/yacht/2001-catalina-36-mk-ii-sloop-8444791/,2022-08-12
99,Catalina Masthead Sloop,"US$25,000","Honolulu, Hawaii, United States",Honolulu Yacht Brokerage International LLC,36 ft,1985,https://www.yachtworld.com/yacht/1985-catalina-masthead-sloop-7798769/,2021-03-01
100,Catalina 36,"US$49,000","Chicago, Illinois, United States","World Yachts, Inc",36 ft,1988,https://www.yachtworld.com/yacht/1988-catalina-36-8492883/,2022-09-13
101,Catalina 36 MkII,"US$55,000","Northport, New York, United States",Coneys Marine,36 ft,1995,https://www.yachtworld.com/yacht/1995-catalina-36-mkii-8516002/,2022-09-27
102,Catalina MkII,"US$109,900","Atlantic Highlands, New Jersey, United States","Sandy Hook Yacht Sales, Inc - Sea Bright Office",36 ft,2005,https://www.yachtworld.com/yacht/2005-catalina-mkii-8345962/,2022-06-06
103,Catalina 36 MkII,"US$69,000","Brisbane, California, United States",Richard Boland Yachts,36 ft,1995,https://www.yachtworld.com/yacht/1995-catalina-36-mkii-8278855/,2022-04-10
104,Catalina 36 MkII,"US$82,000","Palm Beach Gardens, Florida, United States",Whiteaker Yacht Sales,36 ft,2001,https://www.yachtworld.com/yacht/2001-catalina-36-mkii-8378233/,2022-07-01
105,Catalina 36 Mark II,"US$34,900","Daytona Beach, Florida, United States","Yacht Brokers, LLC of Daytona",36 ft,2001,https://www.yachtworld.com/yacht/2001-catalina-36-mark-ii-8474286/,2022-09-01
106,Catalina 36,"US$63,900","Huntington, New York, United States",Coneys Marine,36 ft,1995,https://www.yachtworld.com/yacht/1995-catalina-36-7945427/,2021-07-08
107,Catalina Mk Ii,"US$84,000","San Rafael, California, United States",Rubicon Yachts- San Rafael,36 ft,1999,https://www.yachtworld.com/yacht/1999-catalina-mk-ii-8459124/,2022-08-23
108,Catalina 36 MkII,"US$69,000","Alameda, California, United States",Cruising Yachts - Alameda,36 ft,1996,https://www.yachtworld.com/yacht/1996-catalina-36-mkii-8502814/,2022-09-19
109,Catalina 36 MkII,"US$74,900","Savannah, Georgia, United States",Dunbar Yachts,36 ft,1995,https://www.yachtworld.com/yacht/1995-catalina-36-mkii-8314106/,2022-05-10
110,Catalina Sloop,"US$39,500","Sausalito, California, United States",Marotta Yachts of Sausalito,36 ft,1985,https://www.yachtworld.com/yacht/1985-catalina-sloop-8533704/,2022-10-10
111,Catalina 36 MkII,"US$89,900","Portsmouth, Rhode Island, United States",Bluenose Yacht Sales- Newport,36 ft,2000,https://www.yachtworld.com/yacht/2000-catalina-36-mkii-8463521/,2022-08-25
112,Catalina 36,"US$40,000","Placida, Florida, United States",PIER ONE YACHT SALES,36 ft,1989,https://www.yachtworld.com/yacht/1989-catalina-36-8285463/,2022-04-15
113,Catalina 36,"US$42,000","Redondo Beach, California, United States","AGL Yacht Sales, Inc.",36 ft,1985,https://www.yachtworld.com/yacht/1985-catalina-36-7431319/,2020-04-14
114,Catalina 36,"US$60,000","Oyster Bay, New York, United States",Coneys Marine,36 ft,1990,https://www.yachtworld.com/yacht/1990-catalina-36-8446587/,2022-08-13
115,Catalina 14.2,CallforPrice,"Vancouver, British Columbia, Canada",Specialty Yachts,14 ft,2022,https://www.yachtworld.com/yacht/2022-catalina-14.2-7820008/,2021-03-12
116,Catalina 315,CallforPrice,"Vancouver, British Columbia, Canada",Specialty Yachts,31 ft,2022,https://www.yachtworld.com/yacht/2022-catalina-315-7816381/,2021-03-09
117,Catalina Capri 22,CallforPrice,"Vancouver, British Columbia, Canada",Specialty Yachts,22 ft,2022,https://www.yachtworld.com/yacht/2022-catalina-capri-22-7820082/,2021-03-12
118,Catalina 16.5,CallforPrice,"Vancouver, British Columbia, Canada",Specialty Yachts,16 ft,2022,https://www.yachtworld.com/yacht/2022-catalina-16.5-7820055/,2021-03-12
119,Catalina 30 MkIII,"US$30,500","La Salle, Michigan, United States",Lasalle Office,30 ft,1992,https://www.yachtworld.com/yacht/1992-catalina-30-mkiii-8453480/,2022-08-18
120,Catalina 30,"US$19,500","Olympia, Washington, United States",NW Yachtnet - Olympia,30 ft,1984,https://www.yachtworld.com/yacht/1984-catalina-30-8334330/,2022-05-26
121,Catalina 36 MkII,"US$69,000","Alameda, California, United States",Cruising Yachts - Alameda,36 ft,1996,https://www.yachtworld.com/yacht/1996-catalina-36-mkii-8502814/,2022-09-19
122,Catalina 310,"US$72,839","Sainte-Marie-de-Kent, New Brunswick, Canada",Sunnybrook Yachts,31 ft,2003,https://www.yachtworld.com/yacht/2003-catalina-310-8514891/,2022-09-26
123,Catalina 320,"US$65,000","San Diego, California, United States",Infinity Yacht Sales,32 ft,1999,https://www.yachtworld.com/yacht/1999-catalina-320-8441686/,2022-08-10
124,Catalina 320,"US$75,000","Forked River, New Jersey, United States",Forked River Yacht Sales,32 ft,2001,https://www.yachtworld.com/yacht/2001-catalina-320-8453037/,2022-08-18
125,Catalina 14.2 Expo,CallforPrice,"Riverside, New Jersey, United States",G. Winter's Sailing Center,14 ft,2023,https://www.yachtworld.com/yacht/2023-catalina-14.2-expo-4748046/,2014-06-26
126,Catalina 355,CallforPrice,"Riverside, New Jersey, United States",G. Winter's Sailing Center,35 ft,2023,https://www.yachtworld.com/yacht/2023-catalina-355-7731860/,2021-02-01
127,Catalina 380,"US$89,000","Deale, Maryland, United States",Integrity Yacht Sales,38 ft,1998,https://www.yachtworld.com/yacht/1998-catalina-380-7979507/,2021-08-07
128,Catalina 350 MkII,"US$129,900","Waukegan, Illinois, United States",Larsen Marine Service,35 ft,2004,https://www.yachtworld.com/yacht/2004-catalina-350-mkii-8409009/,2022-07-22
129,Catalina 385,"US$214,000","Stonington, Connecticut, United States",Stonington Yacht Sales,39 ft,2014,https://www.yachtworld.com/yacht/2014-catalina-385-8399376/,2022-07-15
130,Catalina 38 S&S,"US$32,000","San Diego, California, United States","California Yacht Sales, Inc.",38 ft,1985,https://www.yachtworld.com/yacht/1985-catalina-38-s$s-8419981/,2022-07-28
131,Catalina 27,"US$13,044","Oakville, Ontario, Canada",Navy Point Yacht Sales-Toronto,27 ft,1984,https://www.yachtworld.com/yacht/1984-catalina-27-8304490/,2022-05-03
132,Catalina 30,"US$20,000","Portsmouth, Rhode Island, United States",Brewer Yacht Sales,30 ft,1988,https://www.yachtworld.com/yacht/1988-catalina-30-8502561/,2022-09-19
133,Catalina 36 MkII,"US$74,900","Savannah, Georgia, United States",Dunbar Yachts,36 ft,1995,https://www.yachtworld.com/yacht/1995-catalina-36-mkii-8314106/,2022-05-10
134,Catalina 30 - great value -,"US$6,500","South Yarmouth, Massachusetts, United States",Cahoon Yacht Brokerage,30 ft,1978,https://www.yachtworld.com/yacht/1978-catalina-30----great-value---8418581/,2022-07-28
135,Catalina 42,"US$99,000","New Orleans, Louisiana, United States",Murray Yacht Sales New Orleans,42 ft,1991,https://www.yachtworld.com/yacht/1991-catalina-42-8528751/,2022-10-06
136,Catalina 320,"US$42,843","Poole, Dorset, United Kingdom",Peter Keats Boat Sales,32 ft,1996,https://www.yachtworld.com/yacht/1996-catalina-320-8392074/,2022-07-11
137,Catalina 42 MkII,"US$178,000","Marinette, Wisconsin, United States",Manitowoc Marina and Nestegg Marine,42 ft,2006,https://www.yachtworld.com/yacht/2006-catalina-42-mkii-8397611/,2022-07-14
138,Catalina 42 MkII,"US$139,900","Newport, Rhode Island, United States",BLM Yacht Sales / Fall River,42 ft,2003,https://www.yachtworld.com/yacht/2003-catalina-42-mkii-8476465/,2022-09-01
139,Catalina 42,"US$107,000","San Diego, California, United States",Seattle Yachts - San Diego,42 ft,1992,https://www.yachtworld.com/yacht/1992-catalina-42-8487272/,2022-09-09
140,Catalina 42 MkII,"US$140,000","Long Beach, California, United States",Long Beach Office,42 ft,1997,https://www.yachtworld.com/yacht/1997-catalina-42-mkii-8516312/,2022-09-27
141,Catalina 36 MkII,"US$89,900","Portsmouth, Rhode Island, United States",Bluenose Yacht Sales- Newport,36 ft,2000,https://www.yachtworld.com/yacht/2000-catalina-36-mkii-8463521/,2022-08-25
142,Catalina 30,"US$19,900","Madisonville, Louisiana, United States",Whelton Marine,30 ft,1988,https://www.yachtworld.com/yacht/1988-catalina-30-8361368/,2022-06-18
143,Catalina 470,"US$184,900","Deltaville, Virginia, United States",YaZu Yachting,47 ft,2000,https://www.yachtworld.com/yacht/2000-catalina-470-8243937/,2022-03-10
144,Catalina 42 MkII,"US$145,000","San Diego, California, United States",Yachtfinders Windseakers,42 ft,1999,https://www.yachtworld.com/yacht/1999-catalina-42-mkii-8490216/,2022-09-10
145,Catalina 355,"US$189,900","Indian Harbour Beach, Florida, United States",Massey Yacht Sales & Service,35 ft,2011,https://www.yachtworld.com/yacht/2011-catalina-355-8360144/,2022-06-17
146,Catalina Sailboat,"US$23,000","Mendon, Massachusetts, United States","Certified Sales - Mendon, MA",34 ft,1990,https://www.yachtworld.com/yacht/1990-catalina-sailboat-8485850/,2022-09-08
147,Catalina 34,"US$34,500","Oxnard, California, United States",Peninsula Yacht Sales,34 ft,1987,https://www.yachtworld.com/yacht/1987-catalina-34-8362711/,2022-06-19
148,Catalina 34 MK I Tall Rig,"US$37,900","Port Clinton, Ohio, United States",Catawba Moorings,34 ft,1986,https://www.yachtworld.com/yacht/1986-catalina-34-mk-i-tall-rig-8405635/,2022-07-20
149,Catalina 34 MK 1.5,"US$43,000","Alameda, California, United States",Cruising Yachts - Alameda,34 ft,1992,https://www.yachtworld.com/yacht/1992-catalina-34-mk-1.5-8479640/,2022-09-03
150,Catalina 34,"US$32,000","San Diego, California, United States","California Yacht Sales, Inc.",34 ft,1989,https://www.yachtworld.com/yacht/1989-catalina-34-8266688/,2022-03-30
151,Catalina 34,"US$40,000","Honolulu, Hawaii, United States",Shaka Yachts,34 ft,1988,https://www.yachtworld.com/yacht/1988-catalina-34-8085817/,2021-10-28
152,Catalina Sloop,"US$29,500","Waterford, Connecticut, United States",Brewer Yacht Sales,34 ft,1988,https://www.yachtworld.com/yacht/1988-catalina-sloop-8431593/,2022-08-04
153,Catalina 34 mkI,"US$34,900","Olympia, Washington, United States",NW Yachtnet - Olympia,34 ft,1986,https://www.yachtworld.com/yacht/1986-catalina-34-mki-8440173/,2022-08-09
154,Catalina 34 MKII Wing Keel,"US$59,900","Beverly, Massachusetts, United States",Sailboats Northeast,34 ft,1997,https://www.yachtworld.com/yacht/1997-catalina-34-mkii-wing-keel-8342695/,2022-06-03
155,Catalina 34,"US$13,000","Port Washington, New York, United States",Brewer Yacht Sales,34 ft,1988,https://www.yachtworld.com/yacht/1988-catalina-34-8498478/,2022-09-16
156,Catalina 34 MkII,"US$99,000","North Kingstown, Rhode Island, United States","Latitude Yacht Brokerage, LLC",34 ft,2005,https://www.yachtworld.com/yacht/2005-catalina-34-mkii-8383767/,2022-07-05
157,Catalina 34,"US$32,000","Sodus Point, New York, United States",RCR Sodus Point,34 ft,1987,https://www.yachtworld.com/yacht/1987-catalina-34-8426395/,2022-08-02
158,Catalina 34,"US$36,055","Mississauga, Ontario, Canada",Swans Yacht Sales - Whitby - Head Office,34 ft,1991,https://www.yachtworld.com/yacht/1991-catalina-34-8447194/,2022-08-14
159,Catalina 34,"US$33,500","Muskegon, Michigan, United States",Ludington Yacht Sales,34 ft,1987,https://www.yachtworld.com/yacht/1987-catalina-34-8506785/,2022-09-21
160,Catalina 320,"US$69,000","Iuka, Mississippi, United States","Rooke Sails, Inc.",33 ft,2004,https://www.yachtworld.com/yacht/2004-catalina-320-8371111/,2022-06-25
161,Catalina 320,"US$36,900","Charleston, South Carolina, United States",Intracoastal Yacht Sales of Charleston S.C.,33 ft,1995,https://www.yachtworld.com/yacht/1995-catalina-320-8467586/,2022-08-28
162,Catalina 320,"US$65,000","Pasadena, Maryland, United States",Integrity Yacht Sales,33 ft,2000,https://www.yachtworld.com/yacht/2000-catalina-320-8524102/,2022-10-04
163,Catalina 320,"US$62,500","Marion, Massachusetts, United States",Mattapoisett Yacht Sales,33 ft,2001,https://www.yachtworld.com/yacht/2001-catalina-320-8477310/,2022-09-02
164,Catalina 320,"US$62,000","Oxnard, California, United States",Peninsula Yacht Sales,32 ft,2001,https://www.yachtworld.com/yacht/2001-catalina-320-8519218/,2022-09-29
165,Catalina 320,"US$41,000","Bayside, New York, United States",Coneys Marine,32 ft,1995,https://www.yachtworld.com/yacht/1995-catalina-320-8450110/,2022-08-16
166,Catalina 320,"US$49,900","Huntington, New York, United States",Coneys Marine,32 ft,1996,https://www.yachtworld.com/yacht/1996-catalina-320-8512979/,2022-09-24
167,Catalina 320,"US$72,766","Penetanguishene, Ontario, Canada",Georgian Harbour Yacht Sales Inc.,32 ft,2000,https://www.yachtworld.com/yacht/2000-catalina-320-8397378/,2022-07-14
168,Catalina 320,"US$49,900","Santa Cruz, California, United States",Kensington Yacht & Ship Brokers,32 ft,1998,https://www.yachtworld.com/yacht/1998-catalina-320-8449628/,2022-08-16
169,Catalina 320,"US$83,692","Campbell River, British Columbia, Canada",Calibre Yacht Sales,32 ft,2003,https://www.yachtworld.com/yacht/2003-catalina-320-8527311/,2022-10-05
170,Catalina 470,"US$175,500","Mobile, Alabama, United States","Turner Marine Yacht Sales, Inc.",47 ft,2002,https://www.yachtworld.com/yacht/2002-catalina-470-8363373/,2022-06-20
171,Catalina 36,"US$49,900","La Conner, Washington, United States",Fairhaven Yacht Sales,36 ft,1990,https://www.yachtworld.com/yacht/1990-catalina-36-8522702/,2022-10-02
172,Catalina 28,"US$22,500","Huntington, New York, United States",Coneys Marine,28 ft,1991,https://www.yachtworld.com/yacht/1991-catalina-28-8522035/,2022-10-01
173,Catalina 387,"US$129,000","Charlestown, Massachusetts, United States",Bluenose Yacht Sales & Quality Brokerage - Boston,38 ft,2007,https://www.yachtworld.com/yacht/2007-catalina-387-8480916/,2022-09-05
174,Catalina 320,"US$65,000","Pasadena, Maryland, United States",Integrity Yacht Sales,33 ft,2000,https://www.yachtworld.com/yacht/2000-catalina-320-8524102/,2022-10-04
175,Catalina 22 Sport,CallforPrice,"Riverside, New Jersey, United States",G. Winter's Sailing Center,22 ft,2022,https://www.yachtworld.com/yacht/2022-catalina-22-sport-4745554/,2014-06-24
176,Catalina 12.5 Expo,CallforPrice,"Riverside, New Jersey, United States",G. Winter's Sailing Center,13 ft,2022,https://www.yachtworld.com/yacht/2022-catalina-12.5-expo-4748019/,2014-06-26
177,Catalina 14.2 Centerboard,CallforPrice,"Riverside, New Jersey, United States",G. Winter's Sailing Center,14 ft,2023,https://www.yachtworld.com/yacht/2023-catalina-14.2-centerboard-7675227/,2020-12-02
178,Catalina 355,"US$195,900","Sandusky, Ohio, United States",RCR Sandusky,35 ft,2016,https://www.yachtworld.com/yacht/2016-catalina-355-8537465/,2022-10-12
179,Catalina 309,"US$69,000","New Orleans, Louisiana, United States",Murray Yacht Sales New Orleans,31 ft,2006,https://www.yachtworld.com/yacht/2006-catalina-309-8537441/,2022-10-12
180,Catalina 36,"US$60,000","Oyster Bay, New York, United States",Coneys Marine,36 ft,1990,https://www.yachtworld.com/yacht/1990-catalina-36-8446587/,2022-08-13
181,Catalina 42 MkII,"US$165,000","Mount Sinai, New York, United States",Coneys Marine,42 ft,2008,https://www.yachtworld.com/yacht/2008-catalina-42-mkii-8490202/,2022-09-10
182,Catalina 16.5,CallforPrice,"Muskegon, Michigan, United States",Sail Place Inc,16 ft,2022,https://www.yachtworld.com/yacht/2022-catalina-16.5-8287614/,2022-04-18
183,Catalina Expo 14.2,CallforPrice,"Muskegon, Michigan, United States",Sail Place Inc,14 ft,2022,https://www.yachtworld.com/yacht/2022-catalina-expo-14.2-7981147/,2021-08-09
184,Catalina ALLEGRE 10.60,"US$29,341","Cogolin, France Méditerranée, France",ST TROPEZ YACHTS BROKER,35 ft,1972,https://www.yachtworld.com/yacht/1972-catalina-allegre-10.60-8232672/,2022-03-02
185,Catalina 34,"US$32,000","Sodus Point, New York, United States",RCR Sodus Point,34 ft,1987,https://www.yachtworld.com/yacht/1987-catalina-34-8426395/,2022-08-02
186,Catalina 385,CallforPrice,"Riverside, New Jersey, United States",G. Winter's Sailing Center,38 ft,2023,https://www.yachtworld.com/yacht/2023-catalina-385-5998551/,2016-11-09
187,Catalina 545,CallforPrice,"Riverside, New Jersey, United States",G. Winter's Sailing Center,52 ft,2023,https://www.yachtworld.com/yacht/2023-catalina-545-7042129/,2019-04-08
188,Catalina 30,"US$27,500","Sandusky, Ohio, United States",Harbor North,30 ft,1992,https://www.yachtworld.com/yacht/1992-catalina-30-8349050/,2022-06-08
189,Catalina 309,"US$69,000","New Orleans, Louisiana, United States",Murray Yacht Sales New Orleans,31 ft,2006,https://www.yachtworld.com/yacht/2006-catalina-309-8537441/,2022-10-12
190,Catalina 310,"US$55,900","Clear Lake Shores, Texas, United States","Seger Yachts, LLC",31 ft,2003,https://www.yachtworld.com/yacht/2003-catalina-310-8341120/,2022-06-02
191,Catalina 310,"US$57,000","Bainbridge Island, Washington, United States",Olympic View Yachts,31 ft,2001,https://www.yachtworld.com/yacht/2001-catalina-310-8486206/,2022-09-08
192,Catalina 309,"US$79,900","Racine, Wisconsin, United States","Racine Riverside Marine, Inc.",31 ft,2008,https://www.yachtworld.com/yacht/2008-catalina-309-8468750/,2022-08-29
193,Catalina 30,"US$24,500","San Diego, California, United States",CFB Marine Group,30 ft,1982,https://www.yachtworld.com/yacht/1982-catalina-30-8490090/,2022-09-10
194,Catalina 30,"US$23,900","Rochester, New York, United States",RCR Rochester,30 ft,1984,https://www.yachtworld.com/yacht/1984-catalina-30-8406136/,2022-07-20
195,Catalina 30,"US$25,900","Long Beach, California, United States",Long Beach Yacht Center,30 ft,1985,https://www.yachtworld.com/yacht/1985-catalina-30-8483784/,2022-09-07
196,Catalina 30,"US$40,000","Kemah, Texas, United States",Little Yacht Sales,30 ft,1984,https://www.yachtworld.com/yacht/1984-catalina-30-8440127/,2022-08-09
197,Catalina 30,"US$10,500","Galesville, Maryland, United States",Hartge Yacht Sales,30 ft,1983,https://www.yachtworld.com/yacht/1983-catalina-30-8419720/,2022-07-28
198,Catalina 30 Tall Rig,"US$10,000","Greenport, New York, United States",Brewer Yacht Sales,30 ft,1980,https://www.yachtworld.com/yacht/1980-catalina-30-tall-rig-8375925/,2022-06-29
199,Catalina 387,"US$129,000","Charlestown, Massachusetts, United States",Bluenose Yacht Sales & Quality Brokerage - Boston,38 ft,2007,https://www.yachtworld.com/yacht/2007-catalina-387-8480916/,2022-09-05
200,Catalina 320,"US$65,000","Pasadena, Maryland, United States",Integrity Yacht Sales,33 ft,2000,https://www.yachtworld.com/yacht/2000-catalina-320-8524102/,2022-10-04
201,Catalina 22 Sport,CallforPrice,"Riverside, New Jersey, United States",G. Winter's Sailing Center,22 ft,2022,https://www.yachtworld.com/yacht/2022-catalina-22-sport-4745554/,2014-06-24
202,Catalina 12.5 Expo,CallforPrice,"Riverside, New Jersey, United States",G. Winter's Sailing Center,13 ft,2022,https://www.yachtworld.com/yacht/2022-catalina-12.5-expo-4748019/,2014-06-26
203,Catalina 14.2 Centerboard,CallforPrice,"Riverside, New Jersey, United States",G. Winter's Sailing Center,14 ft,2023,https://www.yachtworld.com/yacht/2023-catalina-14.2-centerboard-7675227/,2020-12-02
204,Catalina 34,"US$36,072","Mississauga, Ontario, Canada",Swans Yacht Sales - Whitby - Head Office,34 ft,1991,https://www.yachtworld.com/yacht/1991-catalina-34-8447194/,2022-08-14
205,Catalina 30,"US$10,000","Newburyport, Massachusetts, United States","Merri-Mar Yacht Basin, Inc",30 ft,1980,https://www.yachtworld.com/yacht/1980-catalina-30-7215899/,2019-09-12
206,Catalina 27,"US$10,931","Nanaimo, British Columbia, Canada",Calibre Yacht Sales,27 ft,1973,https://www.yachtworld.com/yacht/1973-catalina-27-8463890/,2022-08-25
207,Catalina 400 MkII,"US$125,000","Huntington, New York, United States",Coneys Marine,41 ft,2000,https://www.yachtworld.com/yacht/2000-catalina-400-mkii-7841361/,2021-04-03
208,Catalina 315,"US$160,000","Puerto Vallarta, Mexico",Opequimar,32 ft,2015,https://www.yachtworld.com/yacht/2015-catalina-315-8306523/,2022-05-04
209,Catalina 34,"US$33,500","Muskegon, Michigan, United States",Ludington Yacht Sales,34 ft,1987,https://www.yachtworld.com/yacht/1987-catalina-34-8506785/,2022-09-21
210,Catalina 30,"US$26,598","West Vancouver, British Columbia, Canada",Thunderbird Yacht Sales,30 ft,1977,https://www.yachtworld.com/yacht/1977-catalina-30-8511599/,2022-09-23
211,Catalina tall rig/deep draft,"US$25,000","Grasonville, Maryland, United States",Lippincott Marine,30 ft,1986,https://www.yachtworld.com/yacht/1986-catalina-tall-rig-deep-draft-3713816/,2011-09-16
212,Catalina Tall Rig,"US$22,500","Grasonville, Maryland, United States",Lippincott Marine,30 ft,1987,https://www.yachtworld.com/yacht/1987-catalina-tall-rig-4248485/,2013-02-21
213,Catalina 30 MkIII,"US$30,500","La Salle, Michigan, United States",Lasalle Office,30 ft,1992,https://www.yachtworld.com/yacht/1992-catalina-30-mkiii-8453480/,2022-08-18
214,Catalina 30,"US$19,500","Olympia, Washington, United States",NW Yachtnet - Olympia,30 ft,1984,https://www.yachtworld.com/yacht/1984-catalina-30-8334330/,2022-05-26
215,Catalina 30,"US$20,000","Portsmouth, Rhode Island, United States",Brewer Yacht Sales,30 ft,1988,https://www.yachtworld.com/yacht/1988-catalina-30-8502561/,2022-09-19
216,Catalina 30 - great value -,"US$6,500","South Yarmouth, Massachusetts, United States",Cahoon Yacht Brokerage,30 ft,1978,https://www.yachtworld.com/yacht/1978-catalina-30----great-value---8418581/,2022-07-28
217,Catalina 30,"US$24,000","Chicago, Illinois, United States",Sailboat Sales Co,30 ft,1983,https://www.yachtworld.com/yacht/1983-catalina-30-8509186/,2022-09-22
218,Catalina 30,"US$19,900","Madisonville, Louisiana, United States",Whelton Marine,30 ft,1988,https://www.yachtworld.com/yacht/1988-catalina-30-8361368/,2022-06-18
219,Catalina Sloop,"US$19,500","Honolulu, Hawaii, United States",Honolulu Yacht Brokerage International LLC,30 ft,1975,https://www.yachtworld.com/yacht/1975-catalina-sloop-7325419/,2020-01-09
220,Catalina 30,"US$27,500","Sandusky, Ohio, United States",Harbor North,30 ft,1992,https://www.yachtworld.com/yacht/1992-catalina-30-8349050/,2022-06-08
221,Catalina 30,"US$10,000","Newburyport, Massachusetts, United States","Merri-Mar Yacht Basin, Inc",30 ft,1980,https://www.yachtworld.com/yacht/1980-catalina-30-7215899/,2019-09-12
222,Catalina 30,"US$26,000","San Pedro, California, United States",The Shoreline Yacht Group,30 ft,1981,https://www.yachtworld.com/yacht/1981-catalina-30-8396338/,2022-07-13
223,Catalina Sloop,"US$19,500","Honolulu, Hawaii, United States",Honolulu Yacht Brokerage International LLC,30 ft,1975,https://www.yachtworld.com/yacht/1975-catalina-sloop-7325419/,2020-01-09
224,Catalina 30,"US$27,500","Sandusky, Ohio, United States",Harbor North,30 ft,1992,https://www.yachtworld.com/yacht/1992-catalina-30-8349050/,2022-06-08
225,Catalina 30,"US$10,000","Newburyport, Massachusetts, United States","Merri-Mar Yacht Basin, Inc",30 ft,1980,https://www.yachtworld.com/yacht/1980-catalina-30-7215899/,2019-09-12
226,Catalina 30,"US$19,000","Port Henry, New York, United States",Boats R Fun,30 ft,1990,https://www.yachtworld.com/yacht/1990-catalina-30-8479310/,2022-09-03
227,Catalina C30,"US$35,000","Hilton Head Island, South Carolina, United States",Lighthouse Yacht Sales,30 ft,1978,https://www.yachtworld.com/yacht/1978-catalina-c30-8283958/,2022-04-14
228,Catalina 30,"US$29,900","Dana Point, California, United States","Simon Yachts, Inc.",30 ft,1984,https://www.yachtworld.com/yacht/1984-catalina-30-8451528/,2022-08-17
229,Catalina 30,"US$13,500","Buford, Georgia, United States",Snug Harbor Boats,30 ft,1979,https://www.yachtworld.com/yacht/1979-catalina-30-8098678/,2021-11-09
230,Catalina MK I,"US$25,000","Ventura, California, United States",Seacoast Yachts of Channel Islands,30 ft,1983,https://www.yachtworld.com/yacht/1983-catalina-mk-i-8528023/,2022-10-06
231,Catalina 30 Tall Rig Sloop,"US$9,900","Barnegat, New Jersey, United States",New Jersey Yacht Sales,30 ft,1982,https://www.yachtworld.com/yacht/1982-catalina-30-tall-rig-sloop-8316694/,2022-05-12
232,Catalina 30,"US$19,900","Racine, Wisconsin, United States","Racine Riverside Marine, Inc.",30 ft,1985,https://www.yachtworld.com/yacht/1985-catalina-30-8455682/,2022-08-19
233,Catalina C-30,"US$20,331","Campbell River, British Columbia, Canada",Calibre Yacht Sales,30 ft,1978,https://www.yachtworld.com/yacht/1978-catalina-c--30-8473346/,2022-08-31
234,Catalina 30 MkIII,"US$30,000","Lake Geneva, Wisconsin, United States",Racine Yacht Brokers,30 ft,1998,https://www.yachtworld.com/yacht/1998-catalina-30-mkiii-8328741/,2022-05-22
235,Catalina 30,"US$13,038","Toronto, Ontario, Canada",Navy Point Yacht Sales-Toronto,30 ft,1980,https://www.yachtworld.com/yacht/1980-catalina-30-8419100/,2022-07-28
236,Catalina 30,"US$16,900","Saint Augustine, Florida, United States",Sunshine Cruising Yachts,30 ft,1984,https://www.yachtworld.com/yacht/1984-catalina-30-8523963/,2022-10-04
237,Catalina 28,"US$29,500","Seattle, Washington, United States",West Yachts,29 ft,1992,https://www.yachtworld.com/yacht/1992-catalina-28-8495421/,2022-09-14
238,Catalina 28 MkII,"US$27,500","Honolulu, Hawaii, United States",Honolulu Yacht Brokerage International LLC,28 ft,1992,https://www.yachtworld.com/yacht/1992-catalina-28-mkii-8450769/,2022-08-17
239,Catalina 28,"US$22,500","Huntington, New York, United States",Coneys Marine,28 ft,1991,https://www.yachtworld.com/yacht/1991-catalina-28-8522035/,2022-10-01
240,Catalina 28 MkII,"US$37,668","Brixham, Devon, United Kingdom",South West UK Marine,28 ft,1997,https://www.yachtworld.com/yacht/1997-catalina-28-mkii-8477622/,2022-09-02
241,Catalina 28,"US$21,488","Mississauga, Ontario, Canada",Pat Sturgeon Yachts Ltd.,28 ft,1991,https://www.yachtworld.com/yacht/1991-catalina-28-8453251/,2022-08-18
242,Catalina 28,"US$23,900","North Hero, Vermont, United States","Bruce Hill Yacht Sales, Inc.",28 ft,1990,https://www.yachtworld.com/yacht/1990-catalina-28-8369358/,2022-06-24
243,Catalina 28,"US$25,421","Midland, Ontario, Canada",Bayshore Yacht Sales,28 ft,1991,https://www.yachtworld.com/yacht/1991-catalina-28-8392833/,2022-07-11
244,Catalina 28 MkII,"US$34,900","Sparrows Point, Maryland, United States",Sundance Boat Sales,28 ft,1996,https://www.yachtworld.com/yacht/1996-catalina-28-mkii-8553244/,2022-10-15
245,Catalina 28 MkII,"US$36,500","Muskegon, Michigan, United States",Sail Place Inc,28 ft,1996,https://www.yachtworld.com/yacht/1996-catalina-28-mkii-8468257/,2022-08-29
246,Catalina 28 MkII,"US$39,000","Anacortes, Washington, United States",Pacific Cruising Yachts LLC,28 ft,1998,https://www.yachtworld.com/yacht/1998-catalina-28-mkii-8290676/,2022-04-21
247,Catalina 400 MkII,"US$112,500","Honolulu, Hawaii, United States",Honolulu Yacht Brokerage International LLC,41 ft,1996,https://www.yachtworld.com/yacht/1996-catalina-400-mkii-7750377/,2021-02-09
248,Catalina 38,"US$12,500","Honolulu, Hawaii, United States",Honolulu Yacht Brokerage International LLC,38 ft,1979,https://www.yachtworld.com/yacht/1979-catalina-38-8489181/,2022-09-10
249,Catalina Shoal Draft Tall Rig,"US$8,900","Grasonville, Maryland, United States",Lippincott Marine,30 ft,1988,https://www.yachtworld.com/yacht/1988-catalina-shoal-draft-tall-rig-5882226/,2016-07-23
250,Catalina Sailboat,"US$23,000","Mendon, Massachusetts, United States","Certified Sales - Mendon, MA",34 ft,1990,https://www.yachtworld.com/yacht/1990-catalina-sailboat-8485850/,2022-09-08
251,Catalina 36,"US$49,000","Chicago, Illinois, United States","World Yachts, Inc",36 ft,1988,https://www.yachtworld.com/yacht/1988-catalina-36-8492883/,2022-09-13
252,Catalina 38,"US$35,000","La Paz, Mexico",La Paz Cruisers Supply & Brokerage,38 ft,1987,https://www.yachtworld.com/yacht/1987-catalina-38-8520577/,2022-09-30
253,Catalina 445,CallforPrice,"Annapolis, Maryland, United States","Sail Annapolis, Inc.",44 ft,2023,https://www.yachtworld.com/yacht/2023-catalina-445-5046888/,2015-04-03
254,Catalina 320 Repowered,"US$45,000","Jacksonville, Florida, United States",Hansen Yachts,32 ft,1995,https://www.yachtworld.com/yacht/1995-catalina-320-repowered-8386825/,2022-07-07
255,Catalina 470,"US$298,250","Fort Myers, Florida, United States",PIER ONE YACHT SALES,47 ft,2008,https://www.yachtworld.com/yacht/2008-catalina-470-7383501/,2020-03-02
256,Catalina 36 Mark II,"US$34,900","Daytona Beach, Florida, United States","Yacht Brokers, LLC of Daytona",36 ft,2001,https://www.yachtworld.com/yacht/2001-catalina-36-mark-ii-8474286/,2022-09-01
257,Catalina 34,"US$40,000","Honolulu, Hawaii, United States",Shaka Yachts,34 ft,1988,https://www.yachtworld.com/yacht/1988-catalina-34-8085817/,2021-10-28
258,Catalina 380,"US$79,500","Marblehead, Massachusetts, United States",Bump Wilcox,38 ft,1998,https://www.yachtworld.com/yacht/1998-catalina-380-8523352/,2022-10-03
259,Catalina 350,"US$92,900","Fort Lauderdale, Florida, United States",Jordan Yacht and Ship Co.,35 ft,2003,https://www.yachtworld.com/yacht/2003-catalina-350-8280940/,2022-04-12
260,Catalina 27,"US$13,044","Oakville, Ontario, Canada",Navy Point Yacht Sales-Toronto,27 ft,1984,https://www.yachtworld.com/yacht/1984-catalina-27-8304490/,2022-05-03
261,Catalina 27,"US$9,900","Oriental, North Carolina, United States",Oriental Yacht Sales,27 ft,1987,https://www.yachtworld.com/yacht/1987-catalina-27-8447893/,2022-08-15
262,Catalina 27,"US$10,931","Nanaimo, British Columbia, Canada",Calibre Yacht Sales,27 ft,1973,https://www.yachtworld.com/yacht/1973-catalina-27-8463890/,2022-08-25
263,Catalina 27 Tall Rig,"US$11,500","Belden, Tennessee, United States","Rooke Sails, Inc.",27 ft,1985,https://www.yachtworld.com/yacht/1985-catalina-27-tall-rig-8305985/,2022-05-04
264,Catalina 27,"US$12,900","Heber Springs, Arkansas, United States","Rooke Sails, Inc.",27 ft,1984,https://www.yachtworld.com/yacht/1984-catalina-27-8400128/,2022-07-16
265,Catalina 27,"US$4,650","Milwaukee, Wisconsin, United States","World Yachts, Inc",27 ft,1979,https://www.yachtworld.com/yacht/1979-catalina-27-8477507/,2022-09-02
266,Catalina C250 MK II,"US$35,000","Huntingdon Valley, Pennsylvania, United States",Yachts New England,25 ft,2014,https://www.yachtworld.com/yacht/2014-catalina-c250-mk-ii-8361631/,2022-06-18
267,Catalina 25 CATALINA,"US$6,000","Onekama, Michigan, United States","Chesapeake Nautical Cruises, LLC",25 ft,1985,https://www.yachtworld.com/yacht/1985-catalina-25-catalina-7892434/,2021-05-20
268,Catalina 25,"US$5,500","Mystic, Connecticut, United States",Rudders & Moorings Yacht Sales LLC,25 ft,1977,https://www.yachtworld.com/yacht/1977-catalina-25-7607236/,2020-09-29
269,Catalina 25,"US$2,450","Buford, Georgia, United States",Snug Harbor Boats,25 ft,1981,https://www.yachtworld.com/yacht/1981-catalina-25-8455344/,2022-08-19
270,Catalina 25,"US$5,500","Westbrook, Connecticut, United States",Brewer Yacht Sales,25 ft,1982,https://www.yachtworld.com/yacht/1982-catalina-25-8491591/,2022-09-12
271,Catalina 25,"US$4,999","Gilford, New Hampshire, United States","Fay's Boat Yard, Inc.",25 ft,1989,https://www.yachtworld.com/yacht/1989-catalina-25-7895459/,2021-05-24
272,Catalina 250,"US$17,500","Portland, Oregon, United States",Passion Yachts,25 ft,1996,https://www.yachtworld.com/yacht/1996-catalina-250-8462008/,2022-08-24
273,Catalina 22 MkII,"US$21,650","Neyland, Pembrokeshire, United Kingdom",Network Yacht Brokers - Swansea,24 ft,2008,https://www.yachtworld.com/yacht/2008-catalina-22-mkii-8419278/,2022-07-28
274,Catalina 22,"US$4,000","Plattsburgh, New York, United States",Boats R Fun,22 ft,1977,https://www.yachtworld.com/yacht/1977-catalina-22-8479292/,2022-09-03
275,Catalina 22 Sport,CallforPrice,"Vancouver, British Columbia, Canada",Specialty Yachts,22 ft,2022,https://www.yachtworld.com/yacht/2022-catalina-22-sport-7820096/,2021-03-12
276,Catalina Capri 22,"US$9,800","Superior, Wisconsin, United States",Barker's Island Marina,22 ft,1985,https://www.yachtworld.com/yacht/1985-catalina-capri-22-8493121/,2022-09-13
277,Catalina 22,"US$4,950","Westbrook, Connecticut, United States",Brewer Yacht Sales,22 ft,1982,https://www.yachtworld.com/yacht/1982-catalina-22-8492759/,2022-09-13
278,Catalina 22,"US$13,500","San Diego, California, United States","Simon Yachts, Inc.",22 ft,1992,https://www.yachtworld.com/yacht/1992-catalina-22-8379308/,2022-07-01
279,Catalina 22 Capri,"US$8,500","Anacortes, Washington, United States",Seattle Yachts - Anacortes,22 ft,1985,https://www.yachtworld.com/yacht/1985-catalina-22-capri-8469489/,2022-08-30
280,Catalina 22 Sport,CallforPrice,"Ontario, Canada",Swans Yacht Sales - Whitby - Head Office,22 ft,2023,https://www.yachtworld.com/yacht/2023-catalina-22-sport-5375847/,2015-09-09
281,Catalina Capri 22,CallforPrice,"Vancouver, British Columbia, Canada",Specialty Yachts,22 ft,2022,https://www.yachtworld.com/yacht/2022-catalina-capri-22-7820082/,2021-03-12
282,Catalina 22 Capri,CallforPrice,"Riverside, New Jersey, United States",G. Winter's Sailing Center,22 ft,2023,https://www.yachtworld.com/yacht/2023-catalina-22-capri-5992947/,2016-11-03
283,Catalina 22,"US$10,000","Kenosha, Wisconsin, United States","Sail Place Inc - Kenosha, WI",22 ft,1983,https://www.yachtworld.com/yacht/1983-catalina-22-8533961/,2022-10-10
284,Catalina 22 Sport,CallforPrice,"Riverside, New Jersey, United States",G. Winter's Sailing Center,22 ft,2022,https://www.yachtworld.com/yacht/2022-catalina-22-sport-4745554/,2014-06-24
285,Catalina 22,"US$4,900","Memphis, Tennessee, United States","Rooke Sails, Inc.",22 ft,1978,https://www.yachtworld.com/yacht/1978-catalina-22-8273739/,2022-04-06
286,Catalina 22 Sport,CallforPrice,"For Order, Deltaville, Virginia, United States",Chesapeake Yacht Sales,21 ft,2023,https://www.yachtworld.com/yacht/2023-catalina-22-sport-6847383/,2018-03-07
287,Catalina 16.5,CallforPrice,"Riverside, New Jersey, United States",G. Winter's Sailing Center,16 ft,2022,https://www.yachtworld.com/yacht/2022-catalina-16.5-4746690/,2014-06-25
288,Catalina 16.5 Keel,CallforPrice,"Ontario, Canada",Swans Yacht Sales - Whitby - Head Office,16 ft,2023,https://www.yachtworld.com/yacht/2023-catalina-16.5-keel-5375815/,2015-09-09
289,Catalina 16.5,CallforPrice,"For Order, Deltaville, Virginia, United States",Chesapeake Yacht Sales,16 ft,2023,https://www.yachtworld.com/yacht/2023-catalina-16.5-6847232/,2018-03-07
290,Catalina 16.5,CallforPrice,"Vancouver, British Columbia, Canada",Specialty Yachts,16 ft,2022,https://www.yachtworld.com/yacht/2022-catalina-16.5-7820055/,2021-03-12
291,Catalina 16.5 Centerboard,CallforPrice,"Whitby, Ontario, Canada",Swans Yacht Sales - Whitby - Head Office,16 ft,2023,https://www.yachtworld.com/yacht/2023-catalina-16.5-centerboard-5375786/,2015-09-09
292,Catalina 16.5,CallforPrice,"Muskegon, Michigan, United States",Sail Place Inc,16 ft,2022,https://www.yachtworld.com/yacht/2022-catalina-16.5-8287614/,2022-04-18
293,Catalina 14.2,"US$2,950","Buford, Georgia, United States",Snug Harbor Boats,15 ft,1981,https://www.yachtworld.com/yacht/1981-catalina-14.2-8539138/,2022-10-13
294,Catalina 14.2 Expo,CallforPrice,"Vancouver, British Columbia, Canada",Specialty Yachts,14 ft,2022,https://www.yachtworld.com/yacht/2022-catalina-14.2-expo-7820025/,2021-03-12
295,Catalina Expo 14.2,"US$14,941","Muskegon, Michigan, United States",Sail Place Inc,14 ft,2023,https://www.yachtworld.com/yacht/2023-catalina-expo-14.2-8304322/,2022-05-02
